"startDate","endDate","registrationStartDate","registrationEndDate","tournamentNumber","participants","status","isActive","tournamentType","isUnderMaintenance","_id","__v"
"2024-09-27T18:30:00.000Z","2024-09-29T18:29:59.999Z","2024-09-22T20:30:00.000Z","2024-09-27T17:30:00.000Z",1,"[""65fe496b205cf6d5f81e91fb"",""65b1ebbc90ba2e3794e9696d"",""653548118a2815874166fa66"",""667d9d31ede918c194e96af9"",""660161af451e8641829f6113"",""6613f4c9ce72abb1ce9abea9"",""6613f4cdce72abb1ce9abeb8"",""6613f4e0ce72abb1ce9abf06"",""6613f4afce72abb1ce9abe43"",""6613f4c3ce72abb1ce9abe8e"",""6613f4bece72abb1ce9abe7c"",""6613f4cece72abb1ce9abebb"",""6613f4c0ce72abb1ce9abe85"",""6613f4b3ce72abb1ce9abe52"",""6613f4cbce72abb1ce9abeb2"",""6613f4d3ce72abb1ce9abed3"",""6613f4acce72abb1ce9abe37"",""6613f4a6ce72abb1ce9abe22"",""6613f49ace72abb1ce9abdf8"",""6613f4aace72abb1ce9abe31"",""6613f4adce72abb1ce9abe3d"",""6613f4cfce72abb1ce9abec1"",""6613f4a0ce72abb1ce9abe10"",""6613f4dbce72abb1ce9abef1"",""6613f4ddce72abb1ce9abefa"",""6613f4c1ce72abb1ce9abe88"",""6613f4bece72abb1ce9abe79"",""6613f4a4ce72abb1ce9abe1c"",""6613f4dece72abb1ce9abefd"",""6613f498ce72abb1ce9abdef"",""6613f4c2ce72abb1ce9abe8b"",""6613f4acce72abb1ce9abe3a"",""6613f498ce72abb1ce9abdf2"",""6613f4c7ce72abb1ce9abea0"",""6613f4bbce72abb1ce9abe6d"",""6613f4bace72abb1ce9abe6a"",""66210e6094d2c53bd0b70ccc"",""660167b035a59cd25a6b1d3c"",""6613f49fce72abb1ce9abe0d"",""6613f4d2ce72abb1ce9abecd"",""6613f4dece72abb1ce9abf00"",""6613f4d5ce72abb1ce9abed9"",""6613f4cece72abb1ce9abebe"",""6613f4dace72abb1ce9abeee"",""6613f4d6ce72abb1ce9abedc"",""6613f49bce72abb1ce9abdfb"",""6613f4dcce72abb1ce9abef7"",""661d1c43d3779bd18c70c9aa"",""65f300509edbd593b5293db2"",""661d1b2215323b828c65ac04"",""6613f4c3ce72abb1ce9abe91"",""6613f4b7ce72abb1ce9abe5e"",""6613f49bce72abb1ce9abdfe"",""6613f4d0ce72abb1ce9abec4"",""6613f4c6ce72abb1ce9abe9d"",""6613f4d3ce72abb1ce9abed0"",""6613f495ce72abb1ce9abde3"",""65fd330b85a20fc084e1168b"",""6680d5060ac30fd7f0a09733"",""66c9ef0583da1cd40cd63cd6"",""6613f4b0ce72abb1ce9abe46"",""6613f4a2ce72abb1ce9abe16"",""6613f4c8ce72abb1ce9abea3"",""6613f4cace72abb1ce9abeac"",""6613f4d4ce72abb1ce9abed6"",""6613f4bcce72abb1ce9abe73"",""6613f4c0ce72abb1ce9abe82"",""6613f495ce72abb1ce9abde6"",""668c75a1a8937aa841383982"",""662b304a42129b6af7d4f0af"",""6628a65089ec0c3ee355c9aa"",""65f6b9f0ba995a8fd4acee64"",""66868d5ccb0da5a4a55b3481"",""668a385a49288a5205168ef9"",""66f6ca6a4d63eec9a8850973"",""66f6cc434d63eec9a885b0c5"",""66f6d74b4d63eec9a889ea04"",""66f6e6c5dba3c1f15212461f""]","completed",false,"normal",false,"66f07e48838421de185302b8",29
"2024-09-18T06:56:00.000Z","2024-09-19T06:56:00.000Z","2024-09-20T06:56:00.000Z","2024-09-21T06:56:00.000Z",-1,"[""65b1ebbc90ba2e3794e9696d"",""65f6b9f0ba995a8fd4acee64"",""660161af451e8641829f6113"",""6613f495ce72abb1ce9abde3""]","completed",false,"test",false,"66f8fa2cffc6cec786b4fe8d",4
"2024-10-04T18:30:00.000Z","2024-10-06T18:29:59.999Z","2024-09-29T20:30:00.000Z","2024-10-04T17:30:00.000Z",2,"[""662b304a42129b6af7d4f0af"",""65f300509edbd593b5293db2"",""66c74acc88bebbaf4339712a"",""661d1c43d3779bd18c70c9aa"",""661d1b2215323b828c65ac04"",""65fe496b205cf6d5f81e91fb"",""6613f4d5ce72abb1ce9abed9"",""6613f4cdce72abb1ce9abeb8"",""6613f495ce72abb1ce9abde3"",""6613f4c3ce72abb1ce9abe8e"",""6613f4b0ce72abb1ce9abe46"",""6613f4c2ce72abb1ce9abe8b"",""6613f4bfce72abb1ce9abe7f"",""6613f4a6ce72abb1ce9abe22"",""6613f4c7ce72abb1ce9abea0"",""6613f4dfce72abb1ce9abf03"",""6613f494ce72abb1ce9abddf"",""6613f4c6ce72abb1ce9abe9a"",""6613f4b8ce72abb1ce9abe61"",""6613f4c4ce72abb1ce9abe94"",""6613f4bbce72abb1ce9abe70"",""6613f4a8ce72abb1ce9abe2b"",""6613f4d4ce72abb1ce9abed6"",""6613f4c1ce72abb1ce9abe88"",""6613f4a7ce72abb1ce9abe28"",""6613f4b2ce72abb1ce9abe4f"",""6613f4d6ce72abb1ce9abedc"",""6613f4c0ce72abb1ce9abe85"",""6613f4c3ce72abb1ce9abe91"",""6613f4afce72abb1ce9abe43"",""6613f4a0ce72abb1ce9abe10"",""6613f4d3ce72abb1ce9abed3"",""6613f4c8ce72abb1ce9abea3"",""6613f4c9ce72abb1ce9abea6"",""6613f4b7ce72abb1ce9abe5e"",""6613f4b4ce72abb1ce9abe55"",""65b1ebbc90ba2e3794e9696d"",""667d9d31ede918c194e96af9"",""66210e6094d2c53bd0b70ccc"",""6613f4a2ce72abb1ce9abe16"",""6613f4c9ce72abb1ce9abea9"",""6613f4cbce72abb1ce9abeaf"",""6613f4b3ce72abb1ce9abe52"",""6613f4e0ce72abb1ce9abf06"",""6613f495ce72abb1ce9abde6"",""6613f4c0ce72abb1ce9abe82"",""660161af451e8641829f6113"",""660167b035a59cd25a6b1d3c"",""6613f497ce72abb1ce9abdec"",""6613f498ce72abb1ce9abdef"",""6613f4aace72abb1ce9abe31"",""6613f4bece72abb1ce9abe79"",""6613f4dece72abb1ce9abf00"",""6613f4dace72abb1ce9abeee"",""6613f4cece72abb1ce9abebe"",""6680d5060ac30fd7f0a09733"",""65fd330b85a20fc084e1168b"",""6613f4d9ce72abb1ce9abee8"",""6613f4ddce72abb1ce9abefa"",""6613f4d8ce72abb1ce9abee5"",""6613f4b5ce72abb1ce9abe58"",""6613f4c6ce72abb1ce9abe9d"",""6613f4a5ce72abb1ce9abe1f"",""6613f4bcce72abb1ce9abe73"",""6613f4d6ce72abb1ce9abedf"",""6613f4b6ce72abb1ce9abe5b"",""653548118a2815874166fa66"",""66261a5f4fc278ded221bef2""]","completed",false,"normal",false,"66f9b8c878419cc348a13a8b",19
"2024-10-11T18:30:00.000Z","2024-10-13T18:29:59.999Z","2024-10-06T20:30:00.000Z","2024-10-11T17:30:00.000Z",3,"[""661d1c43d3779bd18c70c9aa"",""6613f4b6ce72abb1ce9abe5b"",""6613f4a6ce72abb1ce9abe22"",""6613f4b8ce72abb1ce9abe64"",""6613f49ece72abb1ce9abe0a"",""6613f4a8ce72abb1ce9abe2b"",""6613f496ce72abb1ce9abde9"",""6613f49bce72abb1ce9abdfb"",""6613f4c9ce72abb1ce9abea9"",""6613f4cece72abb1ce9abebb"",""6613f4a2ce72abb1ce9abe16"",""6613f4c6ce72abb1ce9abe9d"",""6613f4a4ce72abb1ce9abe1c"",""6613f4bfce72abb1ce9abe7f"",""6613f4bace72abb1ce9abe6a"",""65b1ebbc90ba2e3794e9696d"",""661c1f835b61b0397b725e76"",""65fe496b205cf6d5f81e91fb"",""65f300509edbd593b5293db2"",""661d1b2215323b828c65ac04"",""6613f4afce72abb1ce9abe43"",""6613f4c0ce72abb1ce9abe85"",""6613f4acce72abb1ce9abe3a"",""6613f499ce72abb1ce9abdf5"",""6613f49ace72abb1ce9abdf8"",""6613f49bce72abb1ce9abdfe"",""6613f49dce72abb1ce9abe04"",""6613f4c1ce72abb1ce9abe88"",""6613f494ce72abb1ce9abddf"",""6613f4d9ce72abb1ce9abeeb"",""6613f4b9ce72abb1ce9abe67"",""6613f4b3ce72abb1ce9abe52"",""6613f4a1ce72abb1ce9abe13"",""653548118a2815874166fa66"",""667d9d31ede918c194e96af9"",""66c74acc88bebbaf4339712a"",""6613f4c2ce72abb1ce9abe8b"",""6613f4c3ce72abb1ce9abe91"",""6613f4d9ce72abb1ce9abee8"",""6613f4adce72abb1ce9abe3d"",""6613f495ce72abb1ce9abde6"",""6613f4a3ce72abb1ce9abe19"",""6613f4a5ce72abb1ce9abe1f"",""6613f498ce72abb1ce9abdef"",""6613f4bcce72abb1ce9abe73"",""6613f4b2ce72abb1ce9abe4f"",""66210e6094d2c53bd0b70ccc"",""6613f4c4ce72abb1ce9abe94"",""6613f495ce72abb1ce9abde3"",""6613f4a6ce72abb1ce9abe25"",""6613f4bbce72abb1ce9abe6d"",""6613f497ce72abb1ce9abdec"",""6613f4b5ce72abb1ce9abe58"",""6613f4abce72abb1ce9abe34"",""6613f4c5ce72abb1ce9abe97"",""6613f4aece72abb1ce9abe40"",""6613f4c0ce72abb1ce9abe82"",""6613f4d3ce72abb1ce9abed3"",""6613f4cece72abb1ce9abebe"",""6613f49cce72abb1ce9abe01"",""6613f4a0ce72abb1ce9abe10"",""6613f4b7ce72abb1ce9abe5e"",""6613f4ddce72abb1ce9abefa"",""6613f4cfce72abb1ce9abec1"",""6613f4b1ce72abb1ce9abe4c"",""660161af451e8641829f6113"",""660167b035a59cd25a6b1d3c""]","completed",false,"normal",false,"6702f34857a88f8fc50d8a05",17
"2024-10-18T18:30:00.000Z","2024-10-20T18:29:59.999Z","2024-10-13T20:30:00.000Z","2024-10-18T17:30:00.000Z",4,"[""6613f4bdce72abb1ce9abe76"",""6613f49ece72abb1ce9abe0a"",""6613f494ce72abb1ce9abddf"",""6613f4b4ce72abb1ce9abe55"",""6613f49bce72abb1ce9abdfe"",""6613f4b8ce72abb1ce9abe64"",""6613f4a3ce72abb1ce9abe19"",""6613f4cace72abb1ce9abeac"",""6613f4c3ce72abb1ce9abe91"",""6613f4acce72abb1ce9abe3a"",""6613f4d3ce72abb1ce9abed3"",""6613f4d1ce72abb1ce9abeca"",""6613f4c4ce72abb1ce9abe94"",""6613f49dce72abb1ce9abe07"",""65b1ebbc90ba2e3794e9696d"",""6613f4bbce72abb1ce9abe70"",""6613f4a6ce72abb1ce9abe22"",""6613f4c1ce72abb1ce9abe88"",""6613f4a9ce72abb1ce9abe2e"",""6613f4cfce72abb1ce9abec1"",""6613f4c8ce72abb1ce9abea3"",""6613f4b2ce72abb1ce9abe4f"",""6613f497ce72abb1ce9abdec"",""6613f4e0ce72abb1ce9abf06"",""6613f4cdce72abb1ce9abeb8"",""6613f4b3ce72abb1ce9abe52"",""6613f4c0ce72abb1ce9abe82"",""65f300509edbd593b5293db2"",""667d9d31ede918c194e96af9"",""6613f4afce72abb1ce9abe43"",""6613f4dace72abb1ce9abeee"",""6613f4b1ce72abb1ce9abe49"",""6613f4bece72abb1ce9abe7c"",""6613f4b1ce72abb1ce9abe4c"",""6613f4a5ce72abb1ce9abe1f"",""6613f4bfce72abb1ce9abe7f"",""6613f4a6ce72abb1ce9abe25"",""6613f495ce72abb1ce9abde6"",""661d1b2215323b828c65ac04"",""6613f4aace72abb1ce9abe31"",""6613f495ce72abb1ce9abde3"",""6613f499ce72abb1ce9abdf5"",""6613f4b7ce72abb1ce9abe5e"",""6613f4c2ce72abb1ce9abe8b"",""6613f4cece72abb1ce9abebe"",""6613f4ddce72abb1ce9abefa"",""6613f4d0ce72abb1ce9abec4"",""6613f4c6ce72abb1ce9abe9a"",""6613f4a7ce72abb1ce9abe28"",""66c74acc88bebbaf4339712a"",""662b304a42129b6af7d4f0af"",""653548118a2815874166fa66"",""660161af451e8641829f6113"",""6613f4a0ce72abb1ce9abe10"",""6613f4b6ce72abb1ce9abe5b"",""6613f4b5ce72abb1ce9abe58"",""6613f4bcce72abb1ce9abe73"",""6613f4d2ce72abb1ce9abecd"",""6613f49bce72abb1ce9abdfb"",""65fe496b205cf6d5f81e91fb"",""66210e6094d2c53bd0b70ccc"",""66f6d74b4d63eec9a889ea04"",""66f6ca6a4d63eec9a8850973"",""660167b035a59cd25a6b1d3c""]","completed",false,"normal",false,"670c2dc83072f565c25f7022",18
"2024-10-25T18:30:00.000Z","2024-10-27T18:29:59.999Z","2024-10-20T20:30:00.000Z","2024-10-25T17:30:00.000Z",5,"[""6613f49ece72abb1ce9abe0a"",""6613f4bece72abb1ce9abe79"",""6613f49dce72abb1ce9abe07"",""6613f4abce72abb1ce9abe34"",""6613f49fce72abb1ce9abe0d"",""6613f4b6ce72abb1ce9abe5b"",""6613f4d6ce72abb1ce9abedc"",""6613f4a9ce72abb1ce9abe2e"",""6613f4a8ce72abb1ce9abe2b"",""6613f4cece72abb1ce9abebe"",""6613f4cace72abb1ce9abeac"",""6613f4ccce72abb1ce9abeb5"",""6613f4a3ce72abb1ce9abe19"",""6613f4b1ce72abb1ce9abe49"",""65b1ebbc90ba2e3794e9696d"",""660161af451e8641829f6113"",""6613f494ce72abb1ce9abddf"",""6613f49bce72abb1ce9abdfb"",""6613f4dece72abb1ce9abefd"",""6613f4b3ce72abb1ce9abe52"",""6613f4c3ce72abb1ce9abe91"",""6613f4dcce72abb1ce9abef7"",""6613f4d9ce72abb1ce9abee8"",""6613f4acce72abb1ce9abe37"",""6613f4d4ce72abb1ce9abed6"",""6613f4c0ce72abb1ce9abe82"",""6613f4c4ce72abb1ce9abe94"",""6613f4d5ce72abb1ce9abed9"",""6613f4afce72abb1ce9abe43"",""6613f4cfce72abb1ce9abec1"",""6613f4aece72abb1ce9abe40"",""6613f4c8ce72abb1ce9abea3"",""6613f4c0ce72abb1ce9abe85"",""6613f4d3ce72abb1ce9abed0"",""6613f4a5ce72abb1ce9abe1f"",""6613f4c5ce72abb1ce9abe97"",""6613f49dce72abb1ce9abe04"",""6613f4aace72abb1ce9abe31"",""6613f495ce72abb1ce9abde3"",""6613f4c2ce72abb1ce9abe8b"",""6613f4d6ce72abb1ce9abedf"",""6613f4d1ce72abb1ce9abec7"",""661d1b2215323b828c65ac04"",""6613f4c3ce72abb1ce9abe8e"",""6613f4b4ce72abb1ce9abe55"",""6613f4a0ce72abb1ce9abe10"",""6613f4b7ce72abb1ce9abe5e"",""6613f4cbce72abb1ce9abeaf"",""6613f4dece72abb1ce9abf00"",""6613f4c6ce72abb1ce9abe9d"",""6613f4b1ce72abb1ce9abe4c"",""667d9d31ede918c194e96af9"",""67074ccfbefd3ff369cc10b6"",""653548118a2815874166fa66"",""6613f4c7ce72abb1ce9abea0"",""6613f4a7ce72abb1ce9abe28"",""6613f496ce72abb1ce9abde9"",""6613f4bdce72abb1ce9abe76"",""6613f4d0ce72abb1ce9abec4"",""6613f4bcce72abb1ce9abe73"",""6613f4bbce72abb1ce9abe6d"",""6613f4d7ce72abb1ce9abee2"",""65fe496b205cf6d5f81e91fb"",""65f300509edbd593b5293db2"",""66210e6094d2c53bd0b70ccc""]","completed",false,"normal",false,"67156849a2ce13f674a8c7ef",14
"2024-11-01T18:30:00.000Z","2024-11-03T18:29:59.999Z","2024-10-27T20:30:00.000Z","2024-11-01T17:30:00.000Z",6,"[""6613f4a6ce72abb1ce9abe25"",""6613f4cdce72abb1ce9abeb8"",""6613f4c5ce72abb1ce9abe97"",""6613f4e0ce72abb1ce9abf06"",""6613f4d6ce72abb1ce9abedf"",""6613f4ccce72abb1ce9abeb5"",""6613f4c3ce72abb1ce9abe8e"",""6613f4a9ce72abb1ce9abe2e"",""6613f4c1ce72abb1ce9abe88"",""6613f4c3ce72abb1ce9abe91"",""6613f4dace72abb1ce9abeee"",""6613f4d3ce72abb1ce9abed3"",""6613f4dcce72abb1ce9abef4"",""6613f4d1ce72abb1ce9abec7"",""662b304a42129b6af7d4f0af"",""66210e6094d2c53bd0b70ccc"",""6613f498ce72abb1ce9abdef"",""6613f4c6ce72abb1ce9abe9d"",""6613f4d4ce72abb1ce9abed6"",""6613f498ce72abb1ce9abdf2"",""6613f4e1ce72abb1ce9abf09"",""6613f49ace72abb1ce9abdf8"",""6613f4d6ce72abb1ce9abedc"",""6613f4d2ce72abb1ce9abecd"",""6613f4c9ce72abb1ce9abea9"",""6613f4ddce72abb1ce9abefa"",""6613f4c9ce72abb1ce9abea6"",""6613f4c0ce72abb1ce9abe85"",""6613f4cbce72abb1ce9abeaf"",""65fe496b205cf6d5f81e91fb"",""6613f4bbce72abb1ce9abe6d"",""6613f4dece72abb1ce9abefd"",""6613f494ce72abb1ce9abddf"",""6613f49bce72abb1ce9abdfe"",""6613f4aace72abb1ce9abe31"",""6613f499ce72abb1ce9abdf5"",""6613f4cace72abb1ce9abeac"",""6613f4bece72abb1ce9abe79"",""6613f4b6ce72abb1ce9abe5b"",""6613f4cfce72abb1ce9abec1"",""6613f4b8ce72abb1ce9abe61"",""6613f4dece72abb1ce9abf00"",""667d9d31ede918c194e96af9"",""661d1b2215323b828c65ac04"",""6613f4d1ce72abb1ce9abeca"",""6613f4b2ce72abb1ce9abe4f"",""6613f4d0ce72abb1ce9abec4"",""6613f4c8ce72abb1ce9abea3"",""6613f4d5ce72abb1ce9abed9"",""6613f4b0ce72abb1ce9abe46"",""65f300509edbd593b5293db2"",""6613f495ce72abb1ce9abde3"",""65b1ebbc90ba2e3794e9696d"",""6613f49cce72abb1ce9abe01"",""6613f4dcce72abb1ce9abef7"",""6613f49ece72abb1ce9abe0a"",""6613f4aece72abb1ce9abe40"",""6613f4b1ce72abb1ce9abe4c"",""6613f4b3ce72abb1ce9abe52"",""6613f4cece72abb1ce9abebe"",""6613f49dce72abb1ce9abe04"",""6613f4bece72abb1ce9abe7c"",""6613f4afce72abb1ce9abe43"",""653548118a2815874166fa66""]","completed",false,"normal",false,"671ea2c80dca5ff4021af44e",14
"2024-11-08T18:30:00.000Z","2024-11-10T18:29:59.999Z","2024-11-03T20:30:00.000Z","2024-11-08T17:30:00.000Z",7,"[""6613f494ce72abb1ce9abddf"",""6613f4d0ce72abb1ce9abec4"",""6613f4c9ce72abb1ce9abea9"",""6613f498ce72abb1ce9abdef"",""6613f4cece72abb1ce9abebb"",""6613f4c0ce72abb1ce9abe85"",""6613f4d6ce72abb1ce9abedc"",""6613f4a2ce72abb1ce9abe16"",""6613f4bece72abb1ce9abe7c"",""6613f4a7ce72abb1ce9abe28"",""6613f4d3ce72abb1ce9abed3"",""6613f4b9ce72abb1ce9abe67"",""6613f4d2ce72abb1ce9abecd"",""6613f4aece72abb1ce9abe40"",""65b1ebbc90ba2e3794e9696d"",""653548118a2815874166fa66"",""661d1b2215323b828c65ac04"",""6613f4bbce72abb1ce9abe6d"",""6613f4dcce72abb1ce9abef7"",""6613f4ccce72abb1ce9abeb5"",""6613f4c3ce72abb1ce9abe8e"",""6613f4acce72abb1ce9abe37"",""6613f4adce72abb1ce9abe3d"",""6613f4bace72abb1ce9abe6a"",""6613f4c9ce72abb1ce9abea6"",""6613f4cdce72abb1ce9abeb8"",""6613f496ce72abb1ce9abde9"",""6613f4c8ce72abb1ce9abea3"",""6613f4d5ce72abb1ce9abed9"",""6613f4b1ce72abb1ce9abe4c"",""6613f4cfce72abb1ce9abec1"",""6613f4d4ce72abb1ce9abed6"",""6613f4b3ce72abb1ce9abe52"",""6613f4bece72abb1ce9abe79"",""6613f4d9ce72abb1ce9abee8"",""6613f4bdce72abb1ce9abe76"",""6613f49bce72abb1ce9abdfe"",""6613f4c1ce72abb1ce9abe88"",""66210e6094d2c53bd0b70ccc"",""65fe496b205cf6d5f81e91fb"",""6613f4d1ce72abb1ce9abeca"",""6613f4a1ce72abb1ce9abe13"",""6613f4b0ce72abb1ce9abe46"",""6613f4d6ce72abb1ce9abedf"",""6613f4dece72abb1ce9abefd"",""6613f4d3ce72abb1ce9abed0"",""6613f4b6ce72abb1ce9abe5b"",""6613f4e0ce72abb1ce9abf06"",""6613f4c0ce72abb1ce9abe82"",""6613f4d9ce72abb1ce9abeeb"",""6613f49dce72abb1ce9abe04"",""6613f4dece72abb1ce9abf00"",""6613f4c6ce72abb1ce9abe9d"",""6613f4d7ce72abb1ce9abee2"",""6613f4c7ce72abb1ce9abea0"",""6613f4cbce72abb1ce9abeb2"",""6613f49dce72abb1ce9abe07"",""6613f49cce72abb1ce9abe01"",""6613f4a0ce72abb1ce9abe10""]","completed",false,"normal",false,"6727dd49c4f680b5ca0e0b21",10
"2024-11-15T18:30:00.000Z","2024-11-17T18:29:59.999Z","2024-11-10T20:30:00.000Z","2024-11-15T17:30:00.000Z",8,"[""6680d5060ac30fd7f0a09733"",""667d9d31ede918c194e96af9"",""660161af451e8641829f6113"",""6613f4b8ce72abb1ce9abe61"",""6613f4b1ce72abb1ce9abe49"",""6613f4b5ce72abb1ce9abe58"",""6613f4c3ce72abb1ce9abe8e"",""6613f4d1ce72abb1ce9abec7"",""6613f4dfce72abb1ce9abf03"",""6613f4d3ce72abb1ce9abed0"",""6613f4aece72abb1ce9abe40"",""6613f4c4ce72abb1ce9abe94"",""6613f4e0ce72abb1ce9abf06"",""6613f4abce72abb1ce9abe34"",""6613f4a1ce72abb1ce9abe13"",""6613f4dace72abb1ce9abeee"",""6613f496ce72abb1ce9abde9"",""661d1b2215323b828c65ac04"",""661d1c43d3779bd18c70c9aa"",""653548118a2815874166fa66"",""65b1ebbc90ba2e3794e9696d"",""6613f4a6ce72abb1ce9abe22"",""6613f4c2ce72abb1ce9abe8b"",""6613f4cbce72abb1ce9abeaf"",""6613f4d8ce72abb1ce9abee5"",""6613f4d4ce72abb1ce9abed6"",""6613f498ce72abb1ce9abdef"",""6613f4cace72abb1ce9abeac"",""6613f4dbce72abb1ce9abef1"",""6613f4cdce72abb1ce9abeb8"",""6613f4cfce72abb1ce9abec1"",""6613f4a0ce72abb1ce9abe10"",""6613f495ce72abb1ce9abde6"",""6613f4a5ce72abb1ce9abe1f"",""6613f4c0ce72abb1ce9abe85"",""6613f4dece72abb1ce9abefd"",""6613f4c1ce72abb1ce9abe88"",""6613f4e1ce72abb1ce9abf09"",""6613f4d3ce72abb1ce9abed3"",""6613f494ce72abb1ce9abddf"",""6613f49fce72abb1ce9abe0d"",""6613f498ce72abb1ce9abdf2"",""6613f4c0ce72abb1ce9abe82"",""6613f4dcce72abb1ce9abef4"",""6613f4aace72abb1ce9abe31"",""65fe496b205cf6d5f81e91fb"",""66210e6094d2c53bd0b70ccc"",""6613f4a4ce72abb1ce9abe1c"",""6613f4b8ce72abb1ce9abe64"",""6613f4ccce72abb1ce9abeb5"",""6613f4bbce72abb1ce9abe70"",""6613f4d1ce72abb1ce9abeca"",""6613f4cece72abb1ce9abebb"",""6613f4d0ce72abb1ce9abec4"",""6613f4bbce72abb1ce9abe6d"",""6613f4bcce72abb1ce9abe73"",""6613f4acce72abb1ce9abe3a"",""6613f4b1ce72abb1ce9abe4c"",""6613f4c7ce72abb1ce9abea0"",""6613f49ece72abb1ce9abe0a"",""6613f4bece72abb1ce9abe7c"",""6613f4c6ce72abb1ce9abe9a"",""6613f49dce72abb1ce9abe04"",""6613f4bfce72abb1ce9abe7f""]","completed",false,"normal",false,"673117c822b3573b619e7572",14
"2024-11-22T18:30:00.000Z","2024-11-24T18:29:59.999Z","2024-11-17T20:30:00.000Z","2024-11-22T17:30:00.000Z",9,"[""6613f4e0ce72abb1ce9abf06"",""6613f4b1ce72abb1ce9abe4c"",""6613f4cbce72abb1ce9abeaf"",""6613f4a5ce72abb1ce9abe1f"",""6613f4c1ce72abb1ce9abe88"",""6613f4dece72abb1ce9abefd"",""6613f4b8ce72abb1ce9abe64"",""6613f49fce72abb1ce9abe0d"",""6613f4aace72abb1ce9abe31"",""6613f4bece72abb1ce9abe7c"",""6613f4bbce72abb1ce9abe6d"",""6613f4b5ce72abb1ce9abe58"",""6613f4a7ce72abb1ce9abe28"",""6613f4b3ce72abb1ce9abe52"",""65f300509edbd593b5293db2"",""661d1c43d3779bd18c70c9aa"",""661d1b2215323b828c65ac04"",""6680d5060ac30fd7f0a09733"",""66210e6094d2c53bd0b70ccc"",""65fe496b205cf6d5f81e91fb"",""6613f4d2ce72abb1ce9abecd"",""6613f49ece72abb1ce9abe0a"",""6613f49dce72abb1ce9abe04"",""6613f497ce72abb1ce9abdec"",""6613f4adce72abb1ce9abe3d"",""6613f4bece72abb1ce9abe79"",""6613f4b7ce72abb1ce9abe5e"",""6613f494ce72abb1ce9abddf"",""6613f49dce72abb1ce9abe07"",""6613f4b9ce72abb1ce9abe67"",""6613f4acce72abb1ce9abe3a"",""6613f496ce72abb1ce9abde9"",""6613f4cace72abb1ce9abeac"",""6613f4c9ce72abb1ce9abea6"",""6613f4abce72abb1ce9abe34"",""6613f4d1ce72abb1ce9abec7"",""6613f4acce72abb1ce9abe37"",""6613f4b0ce72abb1ce9abe46"",""6613f4a6ce72abb1ce9abe25"",""6613f4cdce72abb1ce9abeb8"",""6613f4d3ce72abb1ce9abed0"",""6613f4c3ce72abb1ce9abe91"",""667d9d31ede918c194e96af9"",""6613f49bce72abb1ce9abdfe"",""6613f4b8ce72abb1ce9abe61"",""6613f4dcce72abb1ce9abef4"",""6613f4cfce72abb1ce9abec1"",""6613f4b2ce72abb1ce9abe4f"",""6613f4d4ce72abb1ce9abed6"",""65b1ebbc90ba2e3794e9696d"",""6738440a4e65abf235491d7c"",""653548118a2815874166fa66"",""6613f4afce72abb1ce9abe43"",""6613f498ce72abb1ce9abdef"",""6613f4bdce72abb1ce9abe76"",""6613f4a8ce72abb1ce9abe2b"",""6613f4a0ce72abb1ce9abe10"",""6613f4d9ce72abb1ce9abee8"",""6613f4b4ce72abb1ce9abe55"",""6613f4d1ce72abb1ce9abeca"",""6613f4bbce72abb1ce9abe70""]","completed",false,"normal",false,"673a5248adf4719199a6bef4",15
"2024-11-29T18:30:00.000Z","2024-12-01T18:29:59.999Z","2024-11-24T20:30:00.000Z","2024-11-29T17:30:00.000Z",10,"[""65b1ebbc90ba2e3794e9696d"",""6613f4cece72abb1ce9abebb"",""6613f4d4ce72abb1ce9abed6"",""6613f4d9ce72abb1ce9abee8"",""6613f4cace72abb1ce9abeac"",""6613f4dfce72abb1ce9abf03"",""6613f49bce72abb1ce9abdfb"",""6613f4c6ce72abb1ce9abe9d"",""6613f4c1ce72abb1ce9abe88"",""6613f4c7ce72abb1ce9abea0"",""6613f4c4ce72abb1ce9abe94"",""6613f4dece72abb1ce9abefd"",""6613f4d7ce72abb1ce9abee2"",""6613f4d0ce72abb1ce9abec4"",""6613f4d3ce72abb1ce9abed3"",""661d1c43d3779bd18c70c9aa"",""6680d5060ac30fd7f0a09733"",""673ff536038d0080790a95be"",""65fe496b205cf6d5f81e91fb"",""661d1b2215323b828c65ac04"",""6613f494ce72abb1ce9abddf"",""6613f4b6ce72abb1ce9abe5b"",""6613f495ce72abb1ce9abde6"",""6613f4abce72abb1ce9abe34"",""6613f4b9ce72abb1ce9abe67"",""6613f4bdce72abb1ce9abe76"",""6613f49fce72abb1ce9abe0d"",""6613f4c3ce72abb1ce9abe8e"",""6613f4b5ce72abb1ce9abe58"",""6613f4d2ce72abb1ce9abecd"",""6613f4d5ce72abb1ce9abed9"",""6613f4a6ce72abb1ce9abe22"",""6613f496ce72abb1ce9abde9"",""6613f49ece72abb1ce9abe0a"",""6613f497ce72abb1ce9abdec"",""6613f4bece72abb1ce9abe79"",""6613f4a3ce72abb1ce9abe19"",""6613f4aece72abb1ce9abe40"",""6613f4a7ce72abb1ce9abe28"",""6613f49bce72abb1ce9abdfe"",""6613f4b1ce72abb1ce9abe49"",""6613f4adce72abb1ce9abe3d"",""6613f49cce72abb1ce9abe01"",""6613f4a5ce72abb1ce9abe1f"",""65f300509edbd593b5293db2"",""667d9d31ede918c194e96af9"",""6613f4ccce72abb1ce9abeb5"",""6613f4a6ce72abb1ce9abe25"",""6613f4a1ce72abb1ce9abe13"",""6613f4cece72abb1ce9abebe"",""6613f4b8ce72abb1ce9abe61"",""6613f4a0ce72abb1ce9abe10"",""6613f495ce72abb1ce9abde3"",""653548118a2815874166fa66"",""6613f4cbce72abb1ce9abeb2"",""6613f49ace72abb1ce9abdf8"",""6613f4b1ce72abb1ce9abe4c"",""6613f4b4ce72abb1ce9abe55"",""6613f4c8ce72abb1ce9abea3"",""6613f4c3ce72abb1ce9abe91""]","completed",false,"normal",false,"67438cc9209bcb47ea985fe3",14
"2024-12-06T18:30:00.000Z","2024-12-08T18:29:59.999Z","2024-12-01T20:30:00.000Z","2024-12-06T17:30:00.000Z",11,"[""673ff536038d0080790a95be"",""6613f49bce72abb1ce9abdfb"",""6613f4a5ce72abb1ce9abe1f"",""6613f4b0ce72abb1ce9abe46"",""6613f4a4ce72abb1ce9abe1c"",""6613f4b7ce72abb1ce9abe5e"",""6613f4b6ce72abb1ce9abe5b"",""6613f4b2ce72abb1ce9abe4f"",""6613f4aace72abb1ce9abe31"",""6613f495ce72abb1ce9abde6"",""6613f4b1ce72abb1ce9abe49"",""6613f4bcce72abb1ce9abe73"",""6613f4acce72abb1ce9abe3a"",""6613f4c0ce72abb1ce9abe82"",""6613f4bbce72abb1ce9abe6d"",""661d1b2215323b828c65ac04"",""6613f4d3ce72abb1ce9abed3"",""6613f4d0ce72abb1ce9abec4"",""6613f4dece72abb1ce9abefd"",""6613f498ce72abb1ce9abdef"",""6613f4d3ce72abb1ce9abed0"",""6613f4dcce72abb1ce9abef4"",""6613f4ccce72abb1ce9abeb5"",""6613f4dcce72abb1ce9abef7"",""6613f4c9ce72abb1ce9abea9"",""6613f4ddce72abb1ce9abefa"",""6613f4cbce72abb1ce9abeb2"",""6613f4cbce72abb1ce9abeaf"",""6613f4aece72abb1ce9abe40"",""6613f49bce72abb1ce9abdfe"",""667d9d31ede918c194e96af9"",""65b1ebbc90ba2e3794e9696d"",""674e7cdd1f7a0ce6678bd1f1"",""6613f4d1ce72abb1ce9abec7"",""6613f4d9ce72abb1ce9abee8"",""6613f49ece72abb1ce9abe0a"",""6613f4a2ce72abb1ce9abe16"",""6613f4c0ce72abb1ce9abe85"",""6613f4d5ce72abb1ce9abed9"",""6613f4cdce72abb1ce9abeb8"",""6613f4b3ce72abb1ce9abe52"",""6613f495ce72abb1ce9abde3"",""6613f4a3ce72abb1ce9abe19"",""6613f4a6ce72abb1ce9abe25"",""6613f4e0ce72abb1ce9abf06"",""6613f4dfce72abb1ce9abf03"",""6613f4bfce72abb1ce9abe7f"",""6613f4dbce72abb1ce9abef1"",""6613f4d6ce72abb1ce9abedc"",""6613f4b8ce72abb1ce9abe61"",""6613f4cfce72abb1ce9abec1"",""6613f4c5ce72abb1ce9abe97"",""6613f4c1ce72abb1ce9abe88"",""65fe496b205cf6d5f81e91fb"",""65f300509edbd593b5293db2"",""6613f4afce72abb1ce9abe43"",""6613f497ce72abb1ce9abdec"",""6613f4a0ce72abb1ce9abe10"",""6613f49dce72abb1ce9abe04"",""6613f4b1ce72abb1ce9abe4c"",""661d1c43d3779bd18c70c9aa""]","completed",false,"normal",false,"674cc7491f7a0ce6674c0834",13
"2024-12-13T18:30:00.000Z","2024-12-15T18:29:59.999Z","2024-12-08T20:30:00.000Z","2024-12-13T17:30:00.000Z",12,"[""661d1c43d3779bd18c70c9aa"",""661d1b2215323b828c65ac04"",""6613f4acce72abb1ce9abe37"",""6613f4c8ce72abb1ce9abea3"",""6613f498ce72abb1ce9abdf2"",""6613f498ce72abb1ce9abdef"",""6613f4d1ce72abb1ce9abec7"",""6613f4c3ce72abb1ce9abe91"",""6613f4abce72abb1ce9abe34"",""6613f4c3ce72abb1ce9abe8e"",""6613f4c4ce72abb1ce9abe94"",""6613f4adce72abb1ce9abe3d"",""6613f495ce72abb1ce9abde6"",""6613f4cace72abb1ce9abeac"",""6613f49dce72abb1ce9abe07"",""6613f4cfce72abb1ce9abec1"",""65fe496b205cf6d5f81e91fb"",""673ff536038d0080790a95be"",""6613f499ce72abb1ce9abdf5"",""6613f49ace72abb1ce9abdf8"",""6613f4b4ce72abb1ce9abe55"",""6613f4a6ce72abb1ce9abe25"",""6613f4c0ce72abb1ce9abe85"",""6613f494ce72abb1ce9abddf"",""6613f4a3ce72abb1ce9abe19"",""6613f4bbce72abb1ce9abe6d"",""6613f4d2ce72abb1ce9abecd"",""6613f4dbce72abb1ce9abef1"",""6613f4bfce72abb1ce9abe7f"",""6613f4bcce72abb1ce9abe73"",""6613f4a5ce72abb1ce9abe1f"",""6613f4a4ce72abb1ce9abe1c"",""6613f49ece72abb1ce9abe0a"",""6613f49fce72abb1ce9abe0d"",""6613f4b8ce72abb1ce9abe61"",""6613f4b1ce72abb1ce9abe49"",""6613f4b5ce72abb1ce9abe58"",""6613f4afce72abb1ce9abe43"",""6613f4b1ce72abb1ce9abe4c"",""6613f4b7ce72abb1ce9abe5e"",""6613f495ce72abb1ce9abde3"",""667d9d31ede918c194e96af9"",""65b1ebbc90ba2e3794e9696d"",""6613f4b6ce72abb1ce9abe5b"",""6613f4b3ce72abb1ce9abe52"",""6613f4c0ce72abb1ce9abe82"",""6613f4d3ce72abb1ce9abed3"",""6613f49dce72abb1ce9abe04"",""6613f4acce72abb1ce9abe3a"",""6613f4c6ce72abb1ce9abe9d"",""6613f4a0ce72abb1ce9abe10"",""6613f4a2ce72abb1ce9abe16"",""6613f4dace72abb1ce9abeee"",""653548118a2815874166fa66"",""6613f4ccce72abb1ce9abeb5"",""6613f497ce72abb1ce9abdec"",""6613f4aece72abb1ce9abe40"",""6613f4cbce72abb1ce9abeaf"",""6613f4c9ce72abb1ce9abea9"",""6613f4cece72abb1ce9abebb"",""6613f49bce72abb1ce9abdfe""]","completed",false,"normal",false,"675601c84b5708e8cab90442",12
"2024-12-20T18:30:00.000Z","2024-12-22T18:29:59.999Z","2024-12-15T20:30:00.000Z","2024-12-20T17:30:00.000Z",13,"[""6613f498ce72abb1ce9abdef"",""6613f4a8ce72abb1ce9abe2b"",""6613f4bbce72abb1ce9abe70"",""6613f496ce72abb1ce9abde9"",""6613f4b0ce72abb1ce9abe46"",""6613f4a0ce72abb1ce9abe10"",""6613f4a9ce72abb1ce9abe2e"",""6613f4bfce72abb1ce9abe7f"",""6613f494ce72abb1ce9abddf"",""6613f49bce72abb1ce9abdfe"",""6613f4b3ce72abb1ce9abe52"",""6613f4b8ce72abb1ce9abe64"",""6613f49fce72abb1ce9abe0d"",""6613f4aace72abb1ce9abe31"",""673ff536038d0080790a95be"",""6613f4a1ce72abb1ce9abe13"",""6613f4b1ce72abb1ce9abe4c"",""6613f4a7ce72abb1ce9abe28"",""6613f49dce72abb1ce9abe07"",""6613f4b8ce72abb1ce9abe61"",""6613f4bece72abb1ce9abe79"",""6613f497ce72abb1ce9abdec"",""6613f4d3ce72abb1ce9abed3"",""6613f4c0ce72abb1ce9abe85"",""6613f4a6ce72abb1ce9abe25"",""6613f4abce72abb1ce9abe34"",""6613f4b5ce72abb1ce9abe58"",""6613f4dace72abb1ce9abeee"",""661d1b2215323b828c65ac04"",""6613f4bdce72abb1ce9abe76"",""6613f4bbce72abb1ce9abe6d"",""6613f4c9ce72abb1ce9abea6"",""6613f4cdce72abb1ce9abeb8"",""6613f4cfce72abb1ce9abec1"",""6613f4c1ce72abb1ce9abe88"",""6613f4e1ce72abb1ce9abf09"",""6613f4c9ce72abb1ce9abea9"",""65b1ebbc90ba2e3794e9696d"",""65fe496b205cf6d5f81e91fb"",""661d1c43d3779bd18c70c9aa"",""667d9d31ede918c194e96af9"",""653548118a2815874166fa66"",""6613f4dece72abb1ce9abf00"",""6613f4cece72abb1ce9abebb"",""6613f4c8ce72abb1ce9abea3"",""6613f4dfce72abb1ce9abf03"",""6613f4b6ce72abb1ce9abe5b"",""6613f49dce72abb1ce9abe04"",""6613f4d2ce72abb1ce9abecd"",""6613f495ce72abb1ce9abde6"",""6613f4c2ce72abb1ce9abe8b"",""6613f4b9ce72abb1ce9abe67"",""6613f4d7ce72abb1ce9abee2"",""6613f4ddce72abb1ce9abefa"",""6613f4a2ce72abb1ce9abe16"",""6613f4dbce72abb1ce9abef1"",""6613f4d6ce72abb1ce9abedc"",""6613f4d0ce72abb1ce9abec4"",""6613f49bce72abb1ce9abdfb""]","completed",false,"normal",false,"675f3c4875bdfb2efc3f1b8f",12
"2024-12-27T18:30:00.000Z","2024-12-29T18:29:59.999Z","2024-12-22T20:30:00.000Z","2024-12-27T17:30:00.000Z",14,"[""6613f4a4ce72abb1ce9abe1c"",""6613f4a8ce72abb1ce9abe2b"",""6613f4b9ce72abb1ce9abe67"",""6613f4b2ce72abb1ce9abe4f"",""6613f4b6ce72abb1ce9abe5b"",""6613f4cbce72abb1ce9abeaf"",""6613f49dce72abb1ce9abe04"",""6613f4aece72abb1ce9abe40"",""6613f4c8ce72abb1ce9abea3"",""6613f49bce72abb1ce9abdfe"",""6613f4d1ce72abb1ce9abeca"",""6613f498ce72abb1ce9abdf2"",""6613f4bece72abb1ce9abe7c"",""6613f4d8ce72abb1ce9abee5"",""673ff536038d0080790a95be"",""65fe496b205cf6d5f81e91fb"",""6613f4b8ce72abb1ce9abe64"",""6613f4a9ce72abb1ce9abe2e"",""6613f4c5ce72abb1ce9abe97"",""6613f4abce72abb1ce9abe34"",""6613f4c4ce72abb1ce9abe94"",""6613f4bbce72abb1ce9abe70"",""6613f4cace72abb1ce9abeac"",""6613f4dbce72abb1ce9abef1"",""6613f4c9ce72abb1ce9abea9"",""6613f4a6ce72abb1ce9abe22"",""6613f4d4ce72abb1ce9abed6"",""6613f4d2ce72abb1ce9abecd"",""6613f4afce72abb1ce9abe43"",""661d1b2215323b828c65ac04"",""65b1ebbc90ba2e3794e9696d"",""667d9d31ede918c194e96af9"",""66210e6094d2c53bd0b70ccc"",""6613f4d1ce72abb1ce9abec7"",""6613f4dcce72abb1ce9abef7"",""6613f4ccce72abb1ce9abeb5"",""6613f4dece72abb1ce9abf00"",""6613f495ce72abb1ce9abde3"",""6613f494ce72abb1ce9abddf"",""6613f4a0ce72abb1ce9abe10"",""6613f497ce72abb1ce9abdec"",""6613f4c7ce72abb1ce9abea0"",""6613f4d7ce72abb1ce9abee2"",""661d1c43d3779bd18c70c9aa"",""6613f4a5ce72abb1ce9abe1f"",""6613f4b1ce72abb1ce9abe49"",""6613f4a1ce72abb1ce9abe13"",""6613f4a6ce72abb1ce9abe25"",""6613f4bace72abb1ce9abe6a"",""6613f49ece72abb1ce9abe0a"",""6613f4acce72abb1ce9abe3a"",""6613f4bbce72abb1ce9abe6d"",""6613f4a2ce72abb1ce9abe16"",""6613f4b1ce72abb1ce9abe4c"",""653548118a2815874166fa66""]","completed",false,"normal",false,"676876c92ff2f4658b307390",12
"2025-01-03T18:30:00.000Z","2025-01-05T18:29:59.999Z","2024-12-29T20:30:00.000Z","2025-01-03T17:30:00.000Z",15,"[""673ff536038d0080790a95be"",""6613f4dfce72abb1ce9abf03"",""6613f4a6ce72abb1ce9abe25"",""6613f4a6ce72abb1ce9abe22"",""6613f4d3ce72abb1ce9abed0"",""6613f4c0ce72abb1ce9abe85"",""6613f4dbce72abb1ce9abef1"",""6613f4ddce72abb1ce9abefa"",""6613f4b9ce72abb1ce9abe67"",""6613f4a8ce72abb1ce9abe2b"",""6613f4c3ce72abb1ce9abe8e"",""6613f4d4ce72abb1ce9abed6"",""6613f4dcce72abb1ce9abef7"",""6613f4a9ce72abb1ce9abe2e"",""6613f4b8ce72abb1ce9abe64"",""661d1b2215323b828c65ac04"",""6613f4e0ce72abb1ce9abf06"",""6613f4a7ce72abb1ce9abe28"",""6613f4aace72abb1ce9abe31"",""6613f498ce72abb1ce9abdf2"",""6613f495ce72abb1ce9abde6"",""6613f49dce72abb1ce9abe04"",""6613f497ce72abb1ce9abdec"",""6613f4ccce72abb1ce9abeb5"",""6613f4bace72abb1ce9abe6a"",""6613f4c3ce72abb1ce9abe91"",""6613f4a5ce72abb1ce9abe1f"",""6613f49fce72abb1ce9abe0d"",""6613f49bce72abb1ce9abdfe"",""6613f4cfce72abb1ce9abec1"",""6613f4c9ce72abb1ce9abea6"",""6613f4cbce72abb1ce9abeaf"",""6613f4d6ce72abb1ce9abedc"",""6613f4cece72abb1ce9abebb"",""6613f4aece72abb1ce9abe40"",""6613f49ace72abb1ce9abdf8"",""6613f49bce72abb1ce9abdfb"",""6613f4c8ce72abb1ce9abea3"",""661d1c43d3779bd18c70c9aa"",""6613f498ce72abb1ce9abdef"",""6613f4acce72abb1ce9abe37"",""6613f49ece72abb1ce9abe0a"",""6613f4a2ce72abb1ce9abe16"",""6613f4a1ce72abb1ce9abe13"",""6613f4d9ce72abb1ce9abeeb"",""6613f4bdce72abb1ce9abe76"",""6613f4b3ce72abb1ce9abe52"",""6613f49dce72abb1ce9abe07"",""6613f4d3ce72abb1ce9abed3"",""6613f4cdce72abb1ce9abeb8"",""667d9d31ede918c194e96af9"",""6613f4bfce72abb1ce9abe7f"",""6613f4b2ce72abb1ce9abe4f"",""6613f4d8ce72abb1ce9abee5"",""6613f4c4ce72abb1ce9abe94"",""6613f494ce72abb1ce9abddf"",""65b1ebbc90ba2e3794e9696d"",""653548118a2815874166fa66"",""65fe496b205cf6d5f81e91fb""]","completed",false,"normal",false,"6771b1485bf888ef09552fa2",12
"2025-01-10T18:30:00.000Z","2025-01-12T18:29:59.999Z","2025-01-05T20:30:00.000Z","2025-01-10T17:30:00.000Z",16,"[""673ff536038d0080790a95be"",""6613f4a9ce72abb1ce9abe2e"",""6613f49fce72abb1ce9abe0d"",""6613f4b9ce72abb1ce9abe67"",""6613f4cbce72abb1ce9abeb2"",""6613f494ce72abb1ce9abddf"",""6613f4c6ce72abb1ce9abe9a"",""6613f4b8ce72abb1ce9abe64"",""6613f4cace72abb1ce9abeac"",""6613f4dace72abb1ce9abeee"",""6613f4a8ce72abb1ce9abe2b"",""6613f49bce72abb1ce9abdfe"",""6613f4dcce72abb1ce9abef4"",""6613f498ce72abb1ce9abdef"",""6613f496ce72abb1ce9abde9"",""6613f4c9ce72abb1ce9abea9"",""6613f4d5ce72abb1ce9abed9"",""6613f4ddce72abb1ce9abefa"",""6613f4e0ce72abb1ce9abf06"",""6613f4a2ce72abb1ce9abe16"",""6613f4dece72abb1ce9abefd"",""6613f495ce72abb1ce9abde3"",""6613f4c1ce72abb1ce9abe88"",""6613f4dece72abb1ce9abf00"",""6613f4bbce72abb1ce9abe70"",""6613f4b5ce72abb1ce9abe58"",""6613f4cbce72abb1ce9abeaf"",""6613f4b6ce72abb1ce9abe5b"",""667d9d31ede918c194e96af9"",""6613f4a1ce72abb1ce9abe13"",""6613f49dce72abb1ce9abe07"",""6613f4acce72abb1ce9abe37"",""6613f4a6ce72abb1ce9abe22"",""6613f4b7ce72abb1ce9abe5e"",""6613f4adce72abb1ce9abe3d"",""6613f4bbce72abb1ce9abe6d"",""6613f49ece72abb1ce9abe0a"",""6613f4a3ce72abb1ce9abe19"",""6613f4bcce72abb1ce9abe73"",""6613f4b2ce72abb1ce9abe4f"",""65b1ebbc90ba2e3794e9696d"",""6613f4acce72abb1ce9abe3a"",""6613f4bece72abb1ce9abe79"",""6613f4bece72abb1ce9abe7c"",""6613f49cce72abb1ce9abe01"",""6613f4c0ce72abb1ce9abe82"",""6613f4b3ce72abb1ce9abe52"",""6613f4a6ce72abb1ce9abe25"",""65fe496b205cf6d5f81e91fb"",""661d1c43d3779bd18c70c9aa"",""6613f49ace72abb1ce9abdf8"",""6613f49dce72abb1ce9abe04"",""6613f4a5ce72abb1ce9abe1f"",""6613f4aece72abb1ce9abe40"",""6613f4a4ce72abb1ce9abe1c"",""6613f4bace72abb1ce9abe6a"",""6613f497ce72abb1ce9abdec""]","completed",false,"normal",false,"677aebc8d6da646a49a9b63a",10
"2025-01-17T18:30:00.000Z","2025-01-19T18:29:59.999Z","2025-01-12T20:30:00.000Z","2025-01-17T17:30:00.000Z",17,"[""673ff536038d0080790a95be"",""6613f4a9ce72abb1ce9abe2e"",""6613f4a4ce72abb1ce9abe1c"",""6613f4c6ce72abb1ce9abe9d"",""6613f4c7ce72abb1ce9abea0"",""6613f4a2ce72abb1ce9abe16"",""6613f4a6ce72abb1ce9abe22"",""6613f4d4ce72abb1ce9abed6"",""6613f4c3ce72abb1ce9abe8e"",""6613f4acce72abb1ce9abe37"",""6613f4a8ce72abb1ce9abe2b"",""6613f49bce72abb1ce9abdfe"",""6613f4bece72abb1ce9abe79"",""6613f4a3ce72abb1ce9abe19"",""6613f4dbce72abb1ce9abef1"",""6613f4a0ce72abb1ce9abe10"",""6613f4cbce72abb1ce9abeb2"",""6613f4cece72abb1ce9abebb"",""6613f4d9ce72abb1ce9abee8"",""6613f4aece72abb1ce9abe40"",""6613f49bce72abb1ce9abdfb"",""6613f4cece72abb1ce9abebe"",""6613f4d1ce72abb1ce9abeca"",""6613f494ce72abb1ce9abddf"",""6613f496ce72abb1ce9abde9"",""6613f4d9ce72abb1ce9abeeb"",""6613f4b1ce72abb1ce9abe4c"",""6613f4c4ce72abb1ce9abe94"",""6613f4c0ce72abb1ce9abe85"",""6613f4c8ce72abb1ce9abea3"",""6613f4a5ce72abb1ce9abe1f"",""6613f4ccce72abb1ce9abeb5"",""6613f4d1ce72abb1ce9abec7"",""6613f4d6ce72abb1ce9abedc"",""6613f49ace72abb1ce9abdf8"",""6613f4ddce72abb1ce9abefa"",""6613f4b6ce72abb1ce9abe5b"",""6613f4b3ce72abb1ce9abe52"",""6613f4b0ce72abb1ce9abe46"",""6613f4bace72abb1ce9abe6a"",""661d1b2215323b828c65ac04"",""65fe496b205cf6d5f81e91fb"",""667d9d31ede918c194e96af9"",""65b1ebbc90ba2e3794e9696d"",""6613f495ce72abb1ce9abde3"",""6613f49dce72abb1ce9abe07"",""6613f4bece72abb1ce9abe7c"",""6613f4b8ce72abb1ce9abe61"",""6613f4c6ce72abb1ce9abe9a"",""6613f4abce72abb1ce9abe34"",""6613f497ce72abb1ce9abdec"",""6613f4dece72abb1ce9abf00"",""6613f49ece72abb1ce9abe0a"",""6613f4afce72abb1ce9abe43"",""6613f4b8ce72abb1ce9abe64"",""6613f49cce72abb1ce9abe01"",""6613f4c0ce72abb1ce9abe82"",""6613f4b4ce72abb1ce9abe55"",""6613f49dce72abb1ce9abe04"",""6613f4b5ce72abb1ce9abe58"",""661d1c43d3779bd18c70c9aa"",""66210e6094d2c53bd0b70ccc""]","completed",false,"normal",false,"678426483d8875642c9a88c1",12
"2025-01-24T18:30:00.000Z","2025-01-26T18:29:59.999Z","2025-01-19T20:30:00.000Z","2025-01-24T17:30:00.000Z",18,"[""673ff536038d0080790a95be"",""66210e6094d2c53bd0b70ccc"",""6613f4d9ce72abb1ce9abee8"",""6613f4b1ce72abb1ce9abe49"",""6613f4b3ce72abb1ce9abe52"",""6613f49bce72abb1ce9abdfb"",""6613f4c0ce72abb1ce9abe85"",""6613f498ce72abb1ce9abdf2"",""6613f4ddce72abb1ce9abefa"",""6613f4bcce72abb1ce9abe73"",""6613f494ce72abb1ce9abddf"",""6613f495ce72abb1ce9abde3"",""6613f4b5ce72abb1ce9abe58"",""6613f4d4ce72abb1ce9abed6"",""6613f4d1ce72abb1ce9abeca"",""6613f4b6ce72abb1ce9abe5b"",""65fe496b205cf6d5f81e91fb"",""653548118a2815874166fa66"",""6613f4bece72abb1ce9abe79"",""6613f4c7ce72abb1ce9abea0"",""6613f4a1ce72abb1ce9abe13"",""6613f4d0ce72abb1ce9abec4"",""6613f4c9ce72abb1ce9abea6"",""6613f4dece72abb1ce9abf00"",""6613f4d9ce72abb1ce9abeeb"",""6613f4c3ce72abb1ce9abe91"",""6613f4adce72abb1ce9abe3d"",""6613f49bce72abb1ce9abdfe"",""6613f4acce72abb1ce9abe37"",""6613f4cace72abb1ce9abeac"",""6613f4d3ce72abb1ce9abed0"",""667d9d31ede918c194e96af9"",""6613f49ece72abb1ce9abe0a"",""6613f4bece72abb1ce9abe7c"",""6613f4c2ce72abb1ce9abe8b"",""6613f49ace72abb1ce9abdf8"",""6613f4bbce72abb1ce9abe70"",""6613f4d1ce72abb1ce9abec7"",""6613f49dce72abb1ce9abe04"",""6613f4dbce72abb1ce9abef1"",""6613f4c8ce72abb1ce9abea3"",""6613f4b7ce72abb1ce9abe5e"",""6613f4aece72abb1ce9abe40"",""6613f4d2ce72abb1ce9abecd"",""6613f4c6ce72abb1ce9abe9d"",""6613f4c9ce72abb1ce9abea9"",""6613f4dfce72abb1ce9abf03"",""6613f4c5ce72abb1ce9abe97"",""6613f4b2ce72abb1ce9abe4f"",""6613f4b4ce72abb1ce9abe55"",""6613f4c3ce72abb1ce9abe8e"",""6613f4a8ce72abb1ce9abe2b"",""6613f4a0ce72abb1ce9abe10"",""65b1ebbc90ba2e3794e9696d""]","ongoing",true,"normal",false,"678d60c88c33d59695f483b6",10