"userId","articleId","timeSpent","date"
"65b1ebbc90ba2e3794e9696d","6666175be25f18ad60ff9360",5035781,"2024-06-10T00:00:00.000Z"
"65b1ebbc90ba2e3794e9696d","666768663588cee0f2416174",469250,"2024-06-11T00:00:00.000Z"
"660161af451e8641829f6113","6667684a3588cee0f241616b",9586,"2024-06-11T00:00:00.000Z"
"65f300509edbd593b5293db2","666768993588cee0f2416193",227096,"2024-06-11T00:00:00.000Z"
"65f300509edbd593b5293db2","666768a33588cee0f2416197",1238449,"2024-06-11T00:00:00.000Z"
"65f300509edbd593b5293db2","6667687b3588cee0f2416181",148416,"2024-06-11T00:00:00.000Z"
"65f300509edbd593b5293db2","666616cfe25f18ad60ff9336",326424,"2024-06-11T00:00:00.000Z"
"65f300509edbd593b5293db2","66661705e25f18ad60ff9346",289561,"2024-06-11T00:00:00.000Z"
"65f300509edbd593b5293db2","6666172ce25f18ad60ff9353",3960,"2024-06-11T00:00:00.000Z"
"65f300509edbd593b5293db2","6664c5679beefa3c37f3f75f",223206,"2024-06-11T00:00:00.000Z"
"66210e6094d2c53bd0b70ccc","66676c083588cee0f2416285",309600,"2024-06-11T00:00:00.000Z"
"66686e8740f98ecea9056b94","66676df53588cee0f241630c",1083350,"2024-06-11T00:00:00.000Z"
"66686e8740f98ecea9056b94","66676e163588cee0f2416314",35396,"2024-06-11T00:00:00.000Z"
"66686e8740f98ecea9056b94","66676e583588cee0f2416320",911521,"2024-06-11T00:00:00.000Z"
"661c8823ed4f8a4faf6afcd9","66661c3de25f18ad60ff948b",482200,"2024-06-11T00:00:00.000Z"
"653548118a2815874166fa66","6667684a3588cee0f241616b",71968,"2024-06-11T00:00:00.000Z"
"65fe496b205cf6d5f81e91fb","66676a103588cee0f24161f8",221473,"2024-06-12T00:00:00.000Z"
"65fe496b205cf6d5f81e91fb","66676a2a3588cee0f2416200",19837,"2024-06-12T00:00:00.000Z"
"65fe496b205cf6d5f81e91fb","66661b4de25f18ad60ff9438",3367,"2024-06-12T00:00:00.000Z"
"65fe496b205cf6d5f81e91fb","6664c9209beefa3c37f3f863",186905,"2024-06-12T00:00:00.000Z"
"65fe496b205cf6d5f81e91fb","66661b48e25f18ad60ff9434",187148,"2024-06-12T00:00:00.000Z"
"65fe496b205cf6d5f81e91fb","6664c9129beefa3c37f3f85e",234757,"2024-06-12T00:00:00.000Z"
"65fe496b205cf6d5f81e91fb","66676b103588cee0f2416241",6282,"2024-06-12T00:00:00.000Z"
"65b1ebbc90ba2e3794e9696d","6668b9fe40f98ecea90c8354",2349482,"2024-06-12T00:00:00.000Z"
"65b1ebbc90ba2e3794e9696d","6668c01440f98ecea90c853d",29667,"2024-06-12T00:00:00.000Z"
"65b1ebbc90ba2e3794e9696d","6668c00740f98ecea90c8535",13439,"2024-06-12T00:00:00.000Z"
"65f300509edbd593b5293db2","6668b9d240f98ecea90c8344",264336,"2024-06-12T00:00:00.000Z"
"65f300509edbd593b5293db2","6668b9f740f98ecea90c8350",159510,"2024-06-12T00:00:00.000Z"
"65f300509edbd593b5293db2","6668ba0340f98ecea90c8358",189420,"2024-06-12T00:00:00.000Z"
"65f300509edbd593b5293db2","6668ba3440f98ecea90c8365",166586,"2024-06-12T00:00:00.000Z"
"65f300509edbd593b5293db2","6668b9c040f98ecea90c833a",151257,"2024-06-12T00:00:00.000Z"
"65f300509edbd593b5293db2","666768863588cee0f2416189",9569,"2024-06-12T00:00:00.000Z"
"65f300509edbd593b5293db2","6667687b3588cee0f2416181",7226,"2024-06-12T00:00:00.000Z"
"65f300509edbd593b5293db2","666616e6e25f18ad60ff933e",1173368,"2024-06-12T00:00:00.000Z"
"65b1ebbc90ba2e3794e9696d","66699f85b569271700f91dc2",46991,"2024-06-12T00:00:00.000Z"
"660161af451e8641829f6113","66699f85b569271700f91dc2",22180,"2024-06-12T00:00:00.000Z"
"661c1f835b61b0397b725e76","66699f30b569271700f91da6",256278,"2024-06-12T00:00:00.000Z"
"661c1f835b61b0397b725e76","66699f25b569271700f91da1",5180,"2024-06-12T00:00:00.000Z"
"65b1ebbc90ba2e3794e9696d","66699f7cb569271700f91dbd",28642,"2024-06-13T00:00:00.000Z"
"65b1ebbc90ba2e3794e9696d","666a0f18b569271700003fe5",177402,"2024-06-13T00:00:00.000Z"
"65f300509edbd593b5293db2","66699ad1b569271700f91ce0",149726,"2024-06-13T00:00:00.000Z"
"65f300509edbd593b5293db2","66699ab6b569271700f91cd3",159367,"2024-06-13T00:00:00.000Z"
"65f300509edbd593b5293db2","66699ec3b569271700f91d8d",178125,"2024-06-13T00:00:00.000Z"
"65f300509edbd593b5293db2","6668be4440f98ecea90c84aa",180770,"2024-06-13T00:00:00.000Z"
"65f300509edbd593b5293db2","66661c3de25f18ad60ff948b",192159,"2024-06-13T00:00:00.000Z"
"65f300509edbd593b5293db2","66661c45e25f18ad60ff948f",624686,"2024-06-13T00:00:00.000Z"
"65f300509edbd593b5293db2","6664cb719beefa3c37f3f8cf",281983,"2024-06-13T00:00:00.000Z"
"660167b035a59cd25a6b1d3c","666a7bb8b569271700004395",14037,"2024-06-13T00:00:00.000Z"
"65b1ebbc90ba2e3794e9696d","666a7e77b56927170000448d",170028,"2024-06-14T00:00:00.000Z"
"65f300509edbd593b5293db2","666b5e07b5692717000777cc",160431,"2024-06-14T00:00:00.000Z"
"65f300509edbd593b5293db2","666a7c3cb5692717000043cd",183758,"2024-06-14T00:00:00.000Z"
"65f300509edbd593b5293db2","666b5cc8b569271700077787",235633,"2024-06-14T00:00:00.000Z"
"65f300509edbd593b5293db2","666b5cdcb569271700077793",154548,"2024-06-14T00:00:00.000Z"
"65f300509edbd593b5293db2","666aec4db569271700004f07",154033,"2024-06-14T00:00:00.000Z"
"65f300509edbd593b5293db2","666aec46b569271700004f02",169088,"2024-06-14T00:00:00.000Z"
"65b1ebbc90ba2e3794e9696d","666aec46b569271700004f02",3996,"2024-06-14T00:00:00.000Z"
"65b1ebbc90ba2e3794e9696d","666cb04c943ea5c44151a4a8",176543,"2024-06-15T00:00:00.000Z"
"65b1ebbc90ba2e3794e9696d","666cae3e943ea5c44151a3f9",132994,"2024-06-15T00:00:00.000Z"
"65f300509edbd593b5293db2","666cae51943ea5c44151a402",55301,"2024-06-15T00:00:00.000Z"
"65b1ebbc90ba2e3794e9696d","666cb055943ea5c44151a4ac",1236504,"2024-06-15T00:00:00.000Z"
"65fd330b85a20fc084e1168b","666d1eb9943ea5c44151aa79",258281,"2024-06-15T00:00:00.000Z"
"65fd330b85a20fc084e1168b","666d2119943ea5c44151ab64",452134,"2024-06-15T00:00:00.000Z"
"65f300509edbd593b5293db2","666d1eaf943ea5c44151aa75",697782,"2024-06-15T00:00:00.000Z"
"65f300509edbd593b5293db2","666d1ec7943ea5c44151aa81",240377,"2024-06-15T00:00:00.000Z"
"65f300509edbd593b5293db2","666cae48943ea5c44151a3fe",274509,"2024-06-15T00:00:00.000Z"
"660167b035a59cd25a6b1d3c","666d1ec7943ea5c44151aa81",4417,"2024-06-15T00:00:00.000Z"
"660167b035a59cd25a6b1d3c","666d1eaf943ea5c44151aa75",3447,"2024-06-15T00:00:00.000Z"
"660167b035a59cd25a6b1d3c","666d1ebf943ea5c44151aa7d",6184,"2024-06-15T00:00:00.000Z"
"65b1ebbc90ba2e3794e9696d","666d1eaf943ea5c44151aa75",18263,"2024-06-15T00:00:00.000Z"
"65f300509edbd593b5293db2","666d1ebf943ea5c44151aa7d",578587,"2024-06-15T00:00:00.000Z"
"653548118a2815874166fa66","666d1ebf943ea5c44151aa7d",214197,"2024-06-15T00:00:00.000Z"
"65f300509edbd593b5293db2","6668be4440f98ecea90c84aa",13419,"2024-06-15T00:00:00.000Z"
"65f300509edbd593b5293db2","66661c3de25f18ad60ff948b",9615,"2024-06-15T00:00:00.000Z"
"653548118a2815874166fa66","666b5f6cb569271700077843",179979,"2024-06-15T00:00:00.000Z"
"65f300509edbd593b5293db2","666b5f6cb569271700077843",183144,"2024-06-15T00:00:00.000Z"
"653548118a2815874166fa66","66676c643588cee0f241629d",217955,"2024-06-15T00:00:00.000Z"
"65f300509edbd593b5293db2","66676c643588cee0f241629d",240005,"2024-06-15T00:00:00.000Z"
"653548118a2815874166fa66","666bce11b569271700078319",5011,"2024-06-15T00:00:00.000Z"
"65f300509edbd593b5293db2","666aee07b569271700004f63",96263,"2024-06-15T00:00:00.000Z"
"653548118a2815874166fa66","666aee07b569271700004f63",101696,"2024-06-15T00:00:00.000Z"
"65f300509edbd593b5293db2","666caf37943ea5c44151a445",277492,"2024-06-15T00:00:00.000Z"
"653548118a2815874166fa66","666caf37943ea5c44151a445",286723,"2024-06-15T00:00:00.000Z"
"65b1ebbc90ba2e3794e9696d","666d8f34943ea5c44151c2cb",192323,"2024-06-15T00:00:00.000Z"
"65b1ebbc90ba2e3794e9696d","666d8f3b943ea5c44151c2cf",216680,"2024-06-15T00:00:00.000Z"
"65f300509edbd593b5293db2","666dffb0943ea5c44159073f",239404,"2024-06-16T00:00:00.000Z"
"65f300509edbd593b5293db2","666dffbb943ea5c441590748",147684,"2024-06-16T00:00:00.000Z"
"65f300509edbd593b5293db2","666dffd4943ea5c441590750",150252,"2024-06-16T00:00:00.000Z"
"65f300509edbd593b5293db2","666d1eb9943ea5c44151aa79",133397,"2024-06-16T00:00:00.000Z"
"65f300509edbd593b5293db2","666c414a943ea5c4414a72e5",131800,"2024-06-16T00:00:00.000Z"
"65f300509edbd593b5293db2","6668c02240f98ecea90c8545",189995,"2024-06-16T00:00:00.000Z"
"65b1ebbc90ba2e3794e9696d","666e7043943ea5c441591342",2966914,"2024-06-16T00:00:00.000Z"
"65b1ebbc90ba2e3794e9696d","666e703f943ea5c44159133e",512649,"2024-06-16T00:00:00.000Z"
"65b1ebbc90ba2e3794e9696d","666e7049943ea5c441591346",541102,"2024-06-16T00:00:00.000Z"
"65b1ebbc90ba2e3794e9696d","666e704f943ea5c44159134b",358103,"2024-06-16T00:00:00.000Z"
"65b1ebbc90ba2e3794e9696d","666dffb0943ea5c44159073f",116535,"2024-06-16T00:00:00.000Z"
"65b1ebbc90ba2e3794e9696d","666e72c3943ea5c441591429",751277,"2024-06-16T00:00:00.000Z"
"65b1ebbc90ba2e3794e9696d","666e72d1943ea5c44159142d",748851,"2024-06-16T00:00:00.000Z"
"65b1ebbc90ba2e3794e9696d","666e72e9943ea5c441591431",280501,"2024-06-16T00:00:00.000Z"
"65b1ebbc90ba2e3794e9696d","666e72ba943ea5c441591425",89537,"2024-06-16T00:00:00.000Z"
"65b1ebbc90ba2e3794e9696d","666e024e943ea5c4415907eb",510208,"2024-06-16T00:00:00.000Z"
"65b1ebbc90ba2e3794e9696d","666d925c943ea5c44151c3aa",2654,"2024-06-16T00:00:00.000Z"
"65b1ebbc90ba2e3794e9696d","666d9264943ea5c44151c3ae",402790,"2024-06-16T00:00:00.000Z"
"65b1ebbc90ba2e3794e9696d","666d9271943ea5c44151c3b6",252111,"2024-06-16T00:00:00.000Z"
"65b1ebbc90ba2e3794e9696d","666e7265943ea5c44159140c",219745,"2024-06-16T00:00:00.000Z"
"65b1ebbc90ba2e3794e9696d","666e7279943ea5c441591414",195120,"2024-06-16T00:00:00.000Z"
"65b1ebbc90ba2e3794e9696d","666e7273943ea5c441591410",51846,"2024-06-16T00:00:00.000Z"
"65b1ebbc90ba2e3794e9696d","666e7284943ea5c441591419",172375,"2024-06-16T00:00:00.000Z"
"65b1ebbc90ba2e3794e9696d","666e72b0943ea5c44159141d",94705,"2024-06-16T00:00:00.000Z"
"65fe496b205cf6d5f81e91fb","666d923a943ea5c44151c3a2",189308,"2024-06-16T00:00:00.000Z"
"653548118a2815874166fa66","666d923a943ea5c44151c3a2",147589,"2024-06-16T00:00:00.000Z"
"65fe496b205cf6d5f81e91fb","666c40cf943ea5c4414a72c5",9461,"2024-06-16T00:00:00.000Z"
"653548118a2815874166fa66","666c40cf943ea5c4414a72c5",27872,"2024-06-16T00:00:00.000Z"
"65fe496b205cf6d5f81e91fb","666b5e07b5692717000777cc",100087,"2024-06-16T00:00:00.000Z"
"653548118a2815874166fa66","666b5e07b5692717000777cc",205545,"2024-06-16T00:00:00.000Z"
"65b1ebbc90ba2e3794e9696d","666e71ce943ea5c4415913c9",164072,"2024-06-16T00:00:00.000Z"
"65b1ebbc90ba2e3794e9696d","666e7059943ea5c44159134f",39428,"2024-06-16T00:00:00.000Z"
"653548118a2815874166fa66","666cafcc943ea5c44151a474",152019,"2024-06-16T00:00:00.000Z"
"65fe496b205cf6d5f81e91fb","666cafcc943ea5c44151a474",139265,"2024-06-16T00:00:00.000Z"
"653548118a2815874166fa66","666caf37943ea5c44151a445",5117,"2024-06-16T00:00:00.000Z"
"653548118a2815874166fa66","666e000a943ea5c441590762",150248,"2024-06-16T00:00:00.000Z"
"653548118a2815874166fa66","666e7083943ea5c44159135d",181179,"2024-06-16T00:00:00.000Z"
"65fe496b205cf6d5f81e91fb","666af051b569271700004fbd",138654,"2024-06-16T00:00:00.000Z"
"653548118a2815874166fa66","666af051b569271700004fbd",149595,"2024-06-16T00:00:00.000Z"
"65fe496b205cf6d5f81e91fb","666e7083943ea5c44159135d",212017,"2024-06-16T00:00:00.000Z"
"65fe496b205cf6d5f81e91fb","666e000a943ea5c441590762",136631,"2024-06-16T00:00:00.000Z"
"65fd330b85a20fc084e1168b","666e7043943ea5c441591342",469335,"2024-06-16T00:00:00.000Z"
"65fd330b85a20fc084e1168b","666ee0dd2748242e4dc64440",173097,"2024-06-16T00:00:00.000Z"
"65fd330b85a20fc084e1168b","666ee0ba2748242e4dc64430",211570,"2024-06-16T00:00:00.000Z"
"65fd330b85a20fc084e1168b","666ee0d92748242e4dc6443c",44654,"2024-06-16T00:00:00.000Z"
"65fd330b85a20fc084e1168b","666ee0c62748242e4dc64438",106319,"2024-06-16T00:00:00.000Z"
"666fdd7d2748242e4dcd977e","666e72b0943ea5c44159141d",24455,"2024-06-17T00:00:00.000Z"
"65f300509edbd593b5293db2","666fc1c32748242e4dcd9669",185987,"2024-06-17T00:00:00.000Z"
"65f300509edbd593b5293db2","666fc1fd2748242e4dcd9670",44012,"2024-06-17T00:00:00.000Z"
"65f300509edbd593b5293db2","666d925c943ea5c44151c3aa",9216,"2024-06-17T00:00:00.000Z"
"65f300509edbd593b5293db2","66699ec3b569271700f91d8d",11111,"2024-06-17T00:00:00.000Z"
"65f300509edbd593b5293db2","66661b16e25f18ad60ff941e",97140,"2024-06-17T00:00:00.000Z"
"65f300509edbd593b5293db2","666fc1b62748242e4dcd9665",153038,"2024-06-17T00:00:00.000Z"
"65f300509edbd593b5293db2","666ee0dd2748242e4dc64440",132465,"2024-06-17T00:00:00.000Z"
"65f300509edbd593b5293db2","666f51372748242e4dcd93e3",5751,"2024-06-17T00:00:00.000Z"
"65f300509edbd593b5293db2","666f51412748242e4dcd93e8",210796,"2024-06-17T00:00:00.000Z"
"65f6b9f0ba995a8fd4acee64","666fc1b02748242e4dcd9661",74246,"2024-06-17T00:00:00.000Z"
"65b1ebbc90ba2e3794e9696d","666fc4b72748242e4dcd9759",464831,"2024-06-17T00:00:00.000Z"
"65fe496b205cf6d5f81e91fb","66711333261754a948496b4f",82609,"2024-06-18T00:00:00.000Z"
"65f300509edbd593b5293db2","66711342261754a948496b57",204701,"2024-06-18T00:00:00.000Z"
"65f300509edbd593b5293db2","6670a2e6261754a9484969ee",222608,"2024-06-18T00:00:00.000Z"
"65f300509edbd593b5293db2","66699ec3b569271700f91d8d",6390,"2024-06-18T00:00:00.000Z"
"65f300509edbd593b5293db2","667115ce261754a948496c3f",150079,"2024-06-18T00:00:00.000Z"
"65f300509edbd593b5293db2","666f53532748242e4dcd9480",171336,"2024-06-18T00:00:00.000Z"
"65f300509edbd593b5293db2","666f534e2748242e4dcd947c",153674,"2024-06-18T00:00:00.000Z"
"65f300509edbd593b5293db2","666ee2482748242e4dc644d0",151099,"2024-06-18T00:00:00.000Z"
"65f300509edbd593b5293db2","667113ce261754a948496b85",1362460,"2024-06-18T00:00:00.000Z"
"66210e6094d2c53bd0b70ccc","666e71b9943ea5c4415913c0",317847,"2024-06-18T00:00:00.000Z"
"66210e6094d2c53bd0b70ccc","6670a483261754a948496a2b",11836,"2024-06-18T00:00:00.000Z"
"66210e6094d2c53bd0b70ccc","66703396261754a94842132d",49996,"2024-06-18T00:00:00.000Z"
"66210e6094d2c53bd0b70ccc","667113f5261754a948496b9d",379349,"2024-06-18T00:00:00.000Z"
"65f300509edbd593b5293db2","667113d9261754a948496b8d",302969,"2024-06-18T00:00:00.000Z"
"65f300509edbd593b5293db2","6670a450261754a948496a17",199898,"2024-06-18T00:00:00.000Z"
"65f300509edbd593b5293db2","6670a461261754a948496a1f",174374,"2024-06-18T00:00:00.000Z"
"65f300509edbd593b5293db2","6672d5423ebb9139411bf479",14350,"2024-06-19T00:00:00.000Z"
"65f300509edbd593b5293db2","6672d6433ebb9139411bf4af",144681,"2024-06-19T00:00:00.000Z"
"66210e6094d2c53bd0b70ccc","6672d7a73ebb9139411bf4fa",250913,"2024-06-19T00:00:00.000Z"
"65f300509edbd593b5293db2","667348553ebb913941235f56",187106,"2024-06-20T00:00:00.000Z"
"65b1ebbc90ba2e3794e9696d","667345ba3ebb913941235ea4",158458,"2024-06-20T00:00:00.000Z"
"66210e6094d2c53bd0b70ccc","6673b6363ebb913941236266",373787,"2024-06-20T00:00:00.000Z"
"66210e6094d2c53bd0b70ccc","667264cc3ebb9139411beec6",16026,"2024-06-20T00:00:00.000Z"
"65b1ebbc90ba2e3794e9696d","66749772928c5fb2c1373ca7",68538,"2024-06-21T00:00:00.000Z"
"66210e6094d2c53bd0b70ccc","667509cf928c5fb2c1373fbe",734044,"2024-06-21T00:00:00.000Z"
"653548118a2815874166fa66","66750a07928c5fb2c1373fcf",217578,"2024-06-21T00:00:00.000Z"
"667557372a8b43976f123917","66750a07928c5fb2c1373fcf",235033,"2024-06-21T00:00:00.000Z"
"661e264bf8d0f4142aba55f0","667427ef928c5fb2c1334b32",80312,"2024-06-21T00:00:00.000Z"
"661e264bf8d0f4142aba55f0","6675089b928c5fb2c1373f5c",377440,"2024-06-21T00:00:00.000Z"
"653548118a2815874166fa66","667507b2928c5fb2c1373f04",454900,"2024-06-21T00:00:00.000Z"
"66755e752a8b43976f130dd7","667507b2928c5fb2c1373f04",241776,"2024-06-21T00:00:00.000Z"
"653548118a2815874166fa66","667507b9928c5fb2c1373f08",4208,"2024-06-21T00:00:00.000Z"
"664f4da8a486da371ef025b8","667507b2928c5fb2c1373f04",191834,"2024-06-21T00:00:00.000Z"
"664f4da8a486da371ef025b8","667507b9928c5fb2c1373f08",165011,"2024-06-21T00:00:00.000Z"
"664f4da8a486da371ef025b8","66750a39928c5fb2c1373fe3",272352,"2024-06-21T00:00:00.000Z"
"6675684c9e0022d1bedfab82","66750bb5928c5fb2c137401a",420322,"2024-06-21T00:00:00.000Z"
"653548118a2815874166fa66","66750bb5928c5fb2c137401a",225872,"2024-06-21T00:00:00.000Z"
"664f4da8a486da371ef025b8","6675090a928c5fb2c1373f84",223899,"2024-06-21T00:00:00.000Z"
"664f4da8a486da371ef025b8","667498f0928c5fb2c1373d0f",4208,"2024-06-21T00:00:00.000Z"
"664f4da8a486da371ef025b8","667347033ebb913941235ef0",6468,"2024-06-21T00:00:00.000Z"
"664f4da8a486da371ef025b8","667265c73ebb9139411bef00",567201,"2024-06-21T00:00:00.000Z"
"65f300509edbd593b5293db2","667578429e0022d1bedfb18a",94826,"2024-06-21T00:00:00.000Z"
"653548118a2815874166fa66","6675090a928c5fb2c1373f84",4922,"2024-06-21T00:00:00.000Z"
"6675932f9e0022d1bedfbd9a","66757b499e0022d1bedfb244",120332,"2024-06-21T00:00:00.000Z"
"667594cd9e0022d1bedfbf33","66742a34928c5fb2c1334bbf",374227,"2024-06-21T00:00:00.000Z"
"66210e6094d2c53bd0b70ccc","6675795e9e0022d1bedfb1d2",10293,"2024-06-21T00:00:00.000Z"
"6675684c9e0022d1bedfab82","66749977928c5fb2c1373d45",316258,"2024-06-21T00:00:00.000Z"
"66210e6094d2c53bd0b70ccc","66742862928c5fb2c1334b51",518456,"2024-06-21T00:00:00.000Z"
"6675684c9e0022d1bedfab82","667348323ebb913941235f46",96115,"2024-06-21T00:00:00.000Z"
"6675684c9e0022d1bedfab82","667348323ebb913941235f46",9080,"2024-06-21T00:00:00.000Z"
"6675684c9e0022d1bedfab82","6673b8ee3ebb91394123653e",268993,"2024-06-21T00:00:00.000Z"
"6675684c9e0022d1bedfab82","66742886928c5fb2c1334b55",196161,"2024-06-21T00:00:00.000Z"
"6675684c9e0022d1bedfab82","6673b7b03ebb9139412362df",205932,"2024-06-21T00:00:00.000Z"
"6675684c9e0022d1bedfab82","6673b7aa3ebb9139412362db",388866,"2024-06-21T00:00:00.000Z"
"667594cd9e0022d1bedfbf33","667578759e0022d1bedfb19e",167674,"2024-06-21T00:00:00.000Z"
"667594cd9e0022d1bedfbf33","66742862928c5fb2c1334b51",225859,"2024-06-21T00:00:00.000Z"
"65f300509edbd593b5293db2","667579149e0022d1bedfb1c5",24848,"2024-06-21T00:00:00.000Z"
"667594cd9e0022d1bedfbf33","66750966928c5fb2c1373f9d",111181,"2024-06-21T00:00:00.000Z"
"667594cd9e0022d1bedfbf33","667428ce928c5fb2c1334b63",94737,"2024-06-21T00:00:00.000Z"
"653548118a2815874166fa66","6675e8bd9e0022d1bee654f8",49909,"2024-06-22T00:00:00.000Z"
"667594cd9e0022d1bedfbf33","6675ea909e0022d1bee65574",153006,"2024-06-22T00:00:00.000Z"
"667594cd9e0022d1bedfbf33","667508c2928c5fb2c1373f70",129436,"2024-06-22T00:00:00.000Z"
"667594cd9e0022d1bedfbf33","66750a14928c5fb2c1373fd7",144058,"2024-06-22T00:00:00.000Z"
"65b1ebbc90ba2e3794e9696d","667659519e0022d1bee65cb7",10932,"2024-06-22T00:00:00.000Z"
"65b1ebbc90ba2e3794e9696d","6601a69b541fb73774320e2a",652335,"2024-06-22T00:00:00.000Z"
"65b1ebbc90ba2e3794e9696d","660be7ac489eed6e3dc52875",70873,"2024-06-22T00:00:00.000Z"
"65b1ebbc90ba2e3794e9696d","6601a69f541fb73774320e3c",6881,"2024-06-22T00:00:00.000Z"
"65b1ebbc90ba2e3794e9696d","666d925c943ea5c44151c3aa",44160,"2024-06-22T00:00:00.000Z"
"65b1ebbc90ba2e3794e9696d","666e72c3943ea5c441591429",10137,"2024-06-22T00:00:00.000Z"
"65b1ebbc90ba2e3794e9696d","6670335b261754a948421319",34593,"2024-06-22T00:00:00.000Z"
"65b1ebbc90ba2e3794e9696d","666e02d4943ea5c4415907f4",157081,"2024-06-22T00:00:00.000Z"
"65b1ebbc90ba2e3794e9696d","666caf37943ea5c44151a445",235749,"2024-06-22T00:00:00.000Z"
"65b1ebbc90ba2e3794e9696d","666e70e4943ea5c44159137b",26238,"2024-06-22T00:00:00.000Z"
"65b1ebbc90ba2e3794e9696d","6668bbb540f98ecea90c83e1",21475,"2024-06-22T00:00:00.000Z"
"65b1ebbc90ba2e3794e9696d","6675e9ee9e0022d1bee65544",64544,"2024-06-22T00:00:00.000Z"
"65b1ebbc90ba2e3794e9696d","6668bbd140f98ecea90c83e5",38112,"2024-06-22T00:00:00.000Z"
"65b1ebbc90ba2e3794e9696d","66676fcd3588cee0f241639a",16347,"2024-06-22T00:00:00.000Z"
"65b1ebbc90ba2e3794e9696d","6671164b261754a948496c6c",75824,"2024-06-22T00:00:00.000Z"
"65b1ebbc90ba2e3794e9696d","6666175fe25f18ad60ff9364",22041,"2024-06-22T00:00:00.000Z"
"65b1ebbc90ba2e3794e9696d","666768993588cee0f2416193",454088,"2024-06-22T00:00:00.000Z"
"65b1ebbc90ba2e3794e9696d","665b8af9eb416dcc9bfd7099",13210279,"2024-06-22T00:00:00.000Z"
"66210e6094d2c53bd0b70ccc","66742862928c5fb2c1334b51",75144534,"2024-06-22T00:00:00.000Z"
"66210e6094d2c53bd0b70ccc","6675eaa69e0022d1bee65578",258879,"2024-06-22T00:00:00.000Z"
"65f300509edbd593b5293db2","6675e9e39e0022d1bee6553c",223721,"2024-06-22T00:00:00.000Z"
"65b1ebbc90ba2e3794e9696d","6676c9b0dfb15a7456bbf2d0",1394641,"2024-06-22T00:00:00.000Z"
"65b1ebbc90ba2e3794e9696d","6660d77a932f5ddf7901139b",273010,"2024-06-22T00:00:00.000Z"
"65b1ebbc90ba2e3794e9696d","6676ccd4dfb15a7456bbf654",251611,"2024-06-22T00:00:00.000Z"
"66771e6fdfb15a7456c266a8","6676ccd4dfb15a7456bbf654",124683,"2024-06-22T00:00:00.000Z"
"65fd330b85a20fc084e1168b","666ee0ba2748242e4dc64430",16052,"2024-06-22T00:00:00.000Z"